ResNo,Insertion,ResLabel,ResPos,Epitope
44,0,44,0,interface
45,0,45,1,interface
46,0,46,2,interface
47,0,47,3,interface
49,0,49,4,CD4_binding_site
58,0,58,5,interface
82,0,82,6,interface
83,0,83,7,interface
84,0,84,8,interface
88,0,88,9,interface
89,0,89,10,interface
90,0,90,11,interface
91,0,91,12,interface
92,0,92,13,interface
93,0,93,14,interface
94,0,94,15,interface
96,0,96,16,CD4_binding_site
97,0,97,17,CD4_binding_site
98,0,98,18,CD4_binding_site
99,0,99,19,CD4_binding_site
102,0,102,20,CD4_binding_site
105,0,105,21,CD4_binding_site
109,0,109,22,CD4_binding_site
117,0,117,23,V2_apex
121,0,121,24,V2_apex
122,0,122,25,CD4_binding_site
123,0,123,26,V2_apex
124,0,124,27,V2_apex
127,0,127,28,V2_apex
134,0,134,29,V3_glycan
135,0,135,30,V3_glycan
136,0,136,31,V3_glycan
137,0,137,32,V3_glycan
139,0,139,33,V3_glycan
140,0,140,34,V3_glycan
156,0,156,35,V2_apex
157,0,157,36,V2_apex
158,0,158,37,V2_apex
160,0,160,38,V2_apex
161,0,161,39,V2_apex
162,0,162,40,V2_apex
162,1,162A,41,V2_apex
163,0,163,42,V2_apex
164,0,164,43,V2_apex
165,0,165,44,V2_apex
165,1,165A,45,V2_apex
166,0,166,46,V2_apex
167,0,167,47,V2_apex
168,0,168,48,V2_apex
168,1,168A,49,V2_apex
169,0,169,50,V2_apex
170,0,170,51,V2_apex
171,0,171,52,V2_apex
172,0,172,53,V2_apex
173,0,173,54,V2_apex
192,0,192,55,CD4_binding_site
193,0,193,56,CD4_binding_site
197,0,197,57,CD4_binding_site
198,0,198,58,CD4_binding_site
199,0,199,59,CD4_binding_site
207,0,207,60,CD4_binding_site
230,0,230,61,interface
234,0,234,62,interface
236,0,236,63,interface
237,0,237,64,interface
238,0,238,65,interface
240,0,240,66,interface
241,0,241,67,interface
245,0,245,68,interface
246,0,246,69,interface
262,0,262,70,V3_glycan
275,0,275,71,CD4_binding_site
276,0,276,72,CD4_binding_site
277,0,277,73,interface
278,0,278,74,CD4_binding_site
279,0,279,75,CD4_binding_site
280,0,280,76,CD4_binding_site
281,0,281,77,CD4_binding_site
282,0,282,78,CD4_binding_site
283,0,283,79,CD4_binding_site
301,0,301,80,V3_glycan
303,0,303,81,V3_glycan
304,0,304,82,V3_glycan
306,0,306,83,CD4_binding_site
308,0,308,84,CD4_binding_site
309,0,309,85,V2_apex
315,0,315,86,V2_apex
315,1,315A,87,V2_apex
315,2,315B,88,V2_apex
316,0,316,89,CD4_binding_site
318,0,318,90,CD4_binding_site
321,0,321,91,V3_glycan
322,0,322,92,V3_glycan
323,0,323,93,V3_glycan
323,1,323A,94,V3_glycan
324,0,324,95,V3_glycan
325,0,325,96,V3_glycan
325,1,325A,97,V3_glycan
325,2,325B,98,V3_glycan
326,0,326,99,V3_glycan
327,0,327,100,V3_glycan
328,0,328,101,V3_glycan
329,0,329,102,V3_glycan
330,0,330,103,V3_glycan
332,0,332,104,V3_glycan
334,0,334,105,V3_glycan
352,0,352,106,interface
353,0,353,107,interface
354,0,354,108,interface
354,1,354A,109,interface
354,2,354B,110,interface
354,3,354C,111,interface
354,8,354H,112,interface
355,0,355,113,CD4_binding_site
357,0,357,114,interface
362,0,362,115,CD4_binding_site
364,0,364,116,CD4_binding_site
364,1,364A,117,CD4_binding_site
364,2,364B,118,CD4_binding_site
365,0,365,119,CD4_binding_site
366,0,366,120,CD4_binding_site
367,0,367,121,CD4_binding_site
368,0,368,122,CD4_binding_site
370,0,370,123,CD4_binding_site
371,0,371,124,CD4_binding_site
392,0,392,125,CD4_binding_site
415,0,415,126,V3_glycan
415,1,415A,127,V3_glycan
415,2,415B,128,V3_glycan
416,0,416,129,V3_glycan
417,0,417,130,V3_glycan
425,0,425,131,CD4_binding_site
426,0,426,132,CD4_binding_site
427,0,427,133,CD4_binding_site
428,0,428,134,CD4_binding_site
429,0,429,135,CD4_binding_site
430,0,430,136,CD4_binding_site
431,0,431,137,CD4_binding_site
432,0,432,138,CD4_binding_site
442,0,442,139,V3_glycan
444,0,444,140,V3_glycan
448,0,448,141,interface
455,0,455,142,CD4_binding_site
456,0,456,143,CD4_binding_site
457,0,457,144,CD4_binding_site
458,0,458,145,CD4_binding_site
459,0,459,146,CD4_binding_site
459,1,459A,147,CD4_binding_site
459,2,459B,148,CD4_binding_site
459,3,459C,149,CD4_binding_site
459,4,459D,150,CD4_binding_site
459,5,459E,151,CD4_binding_site
459,6,459F,152,CD4_binding_site
459,7,459G,153,CD4_binding_site
459,8,459H,154,CD4_binding_site
459,9,459I,155,CD4_binding_site
459,12,459L,156,CD4_binding_site
459,13,459M,157,CD4_binding_site
459,14,459N,158,CD4_binding_site
459,15,459O,159,CD4_binding_site
459,16,459P,160,CD4_binding_site
459,17,459Q,161,CD4_binding_site
459,18,459R,162,CD4_binding_site
460,0,460,163,CD4_binding_site
461,0,461,164,CD4_binding_site
462,0,462,165,CD4_binding_site
463,0,463,166,CD4_binding_site
464,0,464,167,CD4_binding_site
465,0,465,168,CD4_binding_site
466,0,466,169,CD4_binding_site
467,0,467,170,CD4_binding_site
469,0,469,171,CD4_binding_site
470,0,470,172,CD4_binding_site
471,0,471,173,CD4_binding_site
472,0,472,174,CD4_binding_site
473,0,473,175,CD4_binding_site
474,0,474,176,CD4_binding_site
475,0,475,177,CD4_binding_site
476,0,476,178,CD4_binding_site
477,0,477,179,CD4_binding_site
480,0,480,180,CD4_binding_site
487,0,487,181,interface
512,0,512,182,interface
513,0,513,183,interface
513,1,513A,184,interface
514,0,514,185,interface
514,1,514A,186,interface
515,0,515,187,interface
516,0,516,188,interface
516,1,516A,189,interface
517,0,517,190,interface
519,0,519,191,interface
521,0,521,192,interface
522,0,522,193,interface
542,0,542,194,interface
543,0,543,195,interface
549,0,549,196,interface
550,0,550,197,interface
554,0,554,198,interface
592,0,592,199,interface
611,0,611,200,interface
625,0,625,201,interface
637,0,637,202,interface
638,0,638,203,interface
640,0,640,204,interface
641,0,641,205,interface
643,0,643,206,interface
644,0,644,207,interface
647,0,647,208,interface
